timestamp,commit,examples,pass,failures,errors,pass_rate
2026-07-22T10:26:52Z,f27e893,5334,3074,672,1588,57.63
2026-07-22T14:37:34Z,bb97873,5334,3086,672,1576,57.86
2026-07-23T13:34:56Z,be71c65,5334,3086,672,1576,57.86
2026-07-25T09:49:25Z,5e9b168,5319,3071,672,1576,57.74
2026-07-25T12:58:34Z,c60acb8,5319,3071,672,1576,57.74
2026-07-25T15:02:37Z,3b03036,5319,3071,672,1576,57.74
2026-07-25T15:49:51Z,db3ffc4,5319,3071,672,1576,57.74
2026-07-26T02:54:36Z,7551624,5319,3071,672,1576,57.74
2026-07-26T04:40:40Z,0bfb103,5319,3071,672,1576,57.74
2026-07-26T05:57:40Z,5947375,5319,3071,672,1576,57.74
2026-07-26T10:01:41Z,9734dcb,5319,3071,672,1576,57.74
2026-07-26T11:16:01Z,215b6c4,5319,3071,672,1576,57.74
2026-07-26T12:46:46Z,6dc5496,5319,3071,672,1576,57.74
2026-07-26T14:50:26Z,7dc0226,5319,3071,672,1576,57.74
2026-07-26T16:10:19Z,3a62361,5319,3071,672,1576,57.74
