timestamp,commit,category,files,examples,pass,failures,errors,pass_rate
2026-07-22T10:26:52Z,f27e893,English,2,26,25,1,0,96.2
2026-07-22T10:26:52Z,f27e893,abbrev,1,4,4,0,0,100.0
2026-07-22T10:26:52Z,f27e893,base64,6,26,20,6,0,76.9
2026-07-22T10:26:52Z,f27e893,bigdecimal,57,363,249,75,39,68.6
2026-07-22T10:26:52Z,f27e893,cgi,88,43,24,5,14,55.8
2026-07-22T10:26:52Z,f27e893,coverage,5,0,0,0,5,0.0
2026-07-22T10:26:52Z,f27e893,csv,42,33,33,0,0,100.0
2026-07-22T10:26:52Z,f27e893,date,111,297,69,64,164,23.2
2026-07-22T10:26:52Z,f27e893,datetime,36,177,33,104,40,18.6
2026-07-22T10:26:52Z,f27e893,delegate,24,74,69,4,1,93.2
2026-07-22T10:26:52Z,f27e893,digest,68,124,106,9,9,85.5
2026-07-22T10:26:52Z,f27e893,drb,1,2,2,0,0,100.0
2026-07-22T10:26:52Z,f27e893,erb,13,53,39,2,12,73.6
2026-07-22T10:26:52Z,f27e893,etc,19,39,3,7,29,7.7
2026-07-22T10:26:52Z,f27e893,expect,1,6,5,0,1,83.3
2026-07-22T10:26:52Z,f27e893,fiddle,1,1,1,0,0,100.0
2026-07-22T10:26:52Z,f27e893,find,2,3,2,0,1,66.7
2026-07-22T10:26:52Z,f27e893,getoptlong,10,27,27,0,0,100.0
2026-07-22T10:26:52Z,f27e893,io-wait,3,28,28,0,0,100.0
2026-07-22T10:26:52Z,f27e893,ipaddr,6,29,29,0,0,100.0
2026-07-22T10:26:52Z,f27e893,irb,1,1,0,0,1,0.0
2026-07-22T10:26:52Z,f27e893,logger,14,55,51,3,1,92.7
2026-07-22T10:26:52Z,f27e893,matrix,97,349,347,2,0,99.4
2026-07-22T10:26:52Z,f27e893,mkmf,1,1,0,1,0,0.0
2026-07-22T10:26:52Z,f27e893,monitor,6,12,9,2,1,75.0
2026-07-22T10:26:52Z,f27e893,net-ftp,56,461,253,0,208,54.9
2026-07-22T10:26:52Z,f27e893,net-http,131,377,373,2,2,98.9
2026-07-22T10:26:52Z,f27e893,objectspace,7,1,0,1,6,0.0
2026-07-22T10:26:52Z,f27e893,observer,5,8,8,0,0,100.0
2026-07-22T10:26:52Z,f27e893,open3,11,4,4,0,0,100.0
2026-07-22T10:26:52Z,f27e893,openssl,19,171,0,72,104,0.0
2026-07-22T10:26:52Z,f27e893,openstruct,13,13,0,1,27,0.0
2026-07-22T10:26:52Z,f27e893,optionparser,2,4,0,0,4,0.0
2026-07-22T10:26:52Z,f27e893,pathname,20,71,71,0,0,100.0
2026-07-22T10:26:52Z,f27e893,pp,1,3,1,2,0,33.3
2026-07-22T10:26:52Z,f27e893,prime,11,68,63,0,5,92.6
2026-07-22T10:26:52Z,f27e893,random,1,8,1,1,6,12.5
2026-07-22T10:26:52Z,f27e893,rbconfig,5,24,22,2,0,91.7
2026-07-22T10:26:52Z,f27e893,readline,25,0,0,0,0,0.0
2026-07-22T10:26:52Z,f27e893,resolv,4,6,6,0,0,100.0
2026-07-22T10:26:52Z,f27e893,ripper,2,0,0,0,2,0.0
2026-07-22T10:26:52Z,f27e893,rubygems,2,1,1,0,0,100.0
2026-07-22T10:26:52Z,f27e893,securerandom,5,42,28,0,14,66.7
2026-07-22T10:26:52Z,f27e893,shellwords,1,7,7,0,0,100.0
2026-07-22T10:26:52Z,f27e893,singleton,7,14,14,0,0,100.0
2026-07-22T10:26:52Z,f27e893,socket,188,1129,437,123,569,38.7
2026-07-22T10:26:52Z,f27e893,stringio,64,667,448,131,88,67.2
2026-07-22T10:26:52Z,f27e893,stringscanner,44,138,87,18,33,63.0
2026-07-22T10:26:52Z,f27e893,syslog,20,0,0,0,20,0.0
2026-07-22T10:26:52Z,f27e893,tempfile,10,45,39,2,4,86.7
2026-07-22T10:26:52Z,f27e893,thread,2,2,2,0,0,100.0
2026-07-22T10:26:52Z,f27e893,time,6,7,6,0,1,85.7
2026-07-22T10:26:52Z,f27e893,timeout,2,7,6,0,1,85.7
2026-07-22T10:26:52Z,f27e893,tmpdir,2,10,10,0,0,100.0
2026-07-22T10:26:52Z,f27e893,uri,105,97,97,0,0,100.0
2026-07-22T10:26:52Z,f27e893,weakref,5,9,6,1,2,66.7
2026-07-22T10:26:52Z,f27e893,win32ole,74,0,0,0,0,0.0
2026-07-22T10:26:52Z,f27e893,yaml,9,60,2,24,34,3.3
2026-07-22T10:26:52Z,f27e893,zlib,42,107,0,7,140,0.0
2026-07-22T14:37:34Z,bb97873,English,2,26,25,1,0,96.2
2026-07-22T14:37:34Z,bb97873,abbrev,1,4,4,0,0,100.0
2026-07-22T14:37:34Z,bb97873,base64,6,26,20,6,0,76.9
2026-07-22T14:37:34Z,bb97873,bigdecimal,57,363,249,75,39,68.6
2026-07-22T14:37:34Z,bb97873,cgi,88,43,24,5,14,55.8
2026-07-22T14:37:34Z,bb97873,coverage,5,0,0,0,5,0.0
2026-07-22T14:37:34Z,bb97873,csv,42,33,33,0,0,100.0
2026-07-22T14:37:34Z,bb97873,date,111,297,69,64,164,23.2
2026-07-22T14:37:34Z,bb97873,datetime,36,177,33,104,40,18.6
2026-07-22T14:37:34Z,bb97873,delegate,24,74,69,4,1,93.2
2026-07-22T14:37:34Z,bb97873,digest,68,124,106,9,9,85.5
2026-07-22T14:37:34Z,bb97873,drb,1,2,2,0,0,100.0
2026-07-22T14:37:34Z,bb97873,erb,13,53,39,2,12,73.6
2026-07-22T14:37:34Z,bb97873,etc,19,39,3,7,29,7.7
2026-07-22T14:37:34Z,bb97873,expect,1,6,6,0,0,100.0
2026-07-22T14:37:34Z,bb97873,fiddle,1,1,1,0,0,100.0
2026-07-22T14:37:34Z,bb97873,find,2,3,2,0,1,66.7
2026-07-22T14:37:34Z,bb97873,getoptlong,10,27,27,0,0,100.0
2026-07-22T14:37:34Z,bb97873,io-wait,3,28,28,0,0,100.0
2026-07-22T14:37:34Z,bb97873,ipaddr,6,29,29,0,0,100.0
2026-07-22T14:37:34Z,bb97873,irb,1,1,0,0,1,0.0
2026-07-22T14:37:34Z,bb97873,logger,14,55,51,3,1,92.7
2026-07-22T14:37:34Z,bb97873,matrix,97,349,347,2,0,99.4
2026-07-22T14:37:34Z,bb97873,mkmf,1,1,0,1,0,0.0
2026-07-22T14:37:34Z,bb97873,monitor,6,12,9,2,1,75.0
2026-07-22T14:37:34Z,bb97873,net-ftp,56,461,253,0,208,54.9
2026-07-22T14:37:34Z,bb97873,net-http,131,377,373,2,2,98.9
2026-07-22T14:37:34Z,bb97873,objectspace,7,1,0,1,6,0.0
2026-07-22T14:37:34Z,bb97873,observer,5,8,8,0,0,100.0
2026-07-22T14:37:34Z,bb97873,open3,11,4,4,0,0,100.0
2026-07-22T14:37:34Z,bb97873,openssl,19,171,0,72,104,0.0
2026-07-22T14:37:34Z,bb97873,openstruct,13,13,0,1,27,0.0
2026-07-22T14:37:34Z,bb97873,optionparser,2,4,0,0,4,0.0
2026-07-22T14:37:34Z,bb97873,pathname,20,71,71,0,0,100.0
2026-07-22T14:37:34Z,bb97873,pp,1,3,1,2,0,33.3
2026-07-22T14:37:34Z,bb97873,prime,11,68,63,0,5,92.6
2026-07-22T14:37:34Z,bb97873,random,1,8,1,1,6,12.5
2026-07-22T14:37:34Z,bb97873,rbconfig,5,24,22,2,0,91.7
2026-07-22T14:37:34Z,bb97873,readline,25,0,0,0,0,0.0
2026-07-22T14:37:34Z,bb97873,resolv,4,6,6,0,0,100.0
2026-07-22T14:37:34Z,bb97873,ripper,2,0,0,0,2,0.0
2026-07-22T14:37:34Z,bb97873,rubygems,2,1,1,0,0,100.0
2026-07-22T14:37:34Z,bb97873,securerandom,5,42,28,0,14,66.7
2026-07-22T14:37:34Z,bb97873,shellwords,1,7,7,0,0,100.0
2026-07-22T14:37:34Z,bb97873,singleton,7,14,14,0,0,100.0
2026-07-22T14:37:34Z,bb97873,socket,188,1129,448,123,558,39.7
2026-07-22T14:37:34Z,bb97873,stringio,64,667,448,131,88,67.2
2026-07-22T14:37:34Z,bb97873,stringscanner,44,138,87,18,33,63.0
2026-07-22T14:37:34Z,bb97873,syslog,20,0,0,0,20,0.0
2026-07-22T14:37:34Z,bb97873,tempfile,10,45,39,2,4,86.7
2026-07-22T14:37:34Z,bb97873,thread,2,2,2,0,0,100.0
2026-07-22T14:37:34Z,bb97873,time,6,7,6,0,1,85.7
2026-07-22T14:37:34Z,bb97873,timeout,2,7,6,0,1,85.7
2026-07-22T14:37:34Z,bb97873,tmpdir,2,10,10,0,0,100.0
2026-07-22T14:37:34Z,bb97873,uri,105,97,97,0,0,100.0
2026-07-22T14:37:34Z,bb97873,weakref,5,9,6,1,2,66.7
2026-07-22T14:37:34Z,bb97873,win32ole,74,0,0,0,0,0.0
2026-07-22T14:37:34Z,bb97873,yaml,9,60,2,24,34,3.3
2026-07-22T14:37:34Z,bb97873,zlib,42,107,0,7,140,0.0
2026-07-23T13:34:56Z,be71c65,English,2,26,25,1,0,96.2
2026-07-23T13:34:56Z,be71c65,abbrev,1,4,4,0,0,100.0
2026-07-23T13:34:56Z,be71c65,base64,6,26,20,6,0,76.9
2026-07-23T13:34:56Z,be71c65,bigdecimal,57,363,249,75,39,68.6
2026-07-23T13:34:56Z,be71c65,cgi,88,43,24,5,14,55.8
2026-07-23T13:34:56Z,be71c65,coverage,5,0,0,0,5,0.0
2026-07-23T13:34:56Z,be71c65,csv,42,33,33,0,0,100.0
2026-07-23T13:34:56Z,be71c65,date,111,297,69,64,164,23.2
2026-07-23T13:34:56Z,be71c65,datetime,36,177,33,104,40,18.6
2026-07-23T13:34:56Z,be71c65,delegate,24,74,69,4,1,93.2
2026-07-23T13:34:56Z,be71c65,digest,68,124,106,9,9,85.5
2026-07-23T13:34:56Z,be71c65,drb,1,2,2,0,0,100.0
2026-07-23T13:34:56Z,be71c65,erb,13,53,39,2,12,73.6
2026-07-23T13:34:56Z,be71c65,etc,19,39,3,7,29,7.7
2026-07-23T13:34:56Z,be71c65,expect,1,6,6,0,0,100.0
2026-07-23T13:34:56Z,be71c65,fiddle,1,1,1,0,0,100.0
2026-07-23T13:34:56Z,be71c65,find,2,3,2,0,1,66.7
2026-07-23T13:34:56Z,be71c65,getoptlong,10,27,27,0,0,100.0
2026-07-23T13:34:56Z,be71c65,io-wait,3,28,28,0,0,100.0
2026-07-23T13:34:56Z,be71c65,ipaddr,6,29,29,0,0,100.0
2026-07-23T13:34:56Z,be71c65,irb,1,1,0,0,1,0.0
2026-07-23T13:34:56Z,be71c65,logger,14,55,51,3,1,92.7
2026-07-23T13:34:56Z,be71c65,matrix,97,349,347,2,0,99.4
2026-07-23T13:34:56Z,be71c65,mkmf,1,1,0,1,0,0.0
2026-07-23T13:34:56Z,be71c65,monitor,6,12,9,2,1,75.0
2026-07-23T13:34:56Z,be71c65,net-ftp,56,461,253,0,208,54.9
2026-07-23T13:34:56Z,be71c65,net-http,131,377,373,2,2,98.9
2026-07-23T13:34:56Z,be71c65,objectspace,7,1,0,1,6,0.0
2026-07-23T13:34:56Z,be71c65,observer,5,8,8,0,0,100.0
2026-07-23T13:34:56Z,be71c65,open3,11,4,4,0,0,100.0
2026-07-23T13:34:56Z,be71c65,openssl,19,171,0,72,104,0.0
2026-07-23T13:34:56Z,be71c65,openstruct,13,13,0,1,27,0.0
2026-07-23T13:34:56Z,be71c65,optionparser,2,4,0,0,4,0.0
2026-07-23T13:34:56Z,be71c65,pathname,20,71,71,0,0,100.0
2026-07-23T13:34:56Z,be71c65,pp,1,3,1,2,0,33.3
2026-07-23T13:34:56Z,be71c65,prime,11,68,63,0,5,92.6
2026-07-23T13:34:56Z,be71c65,random,1,8,1,1,6,12.5
2026-07-23T13:34:56Z,be71c65,rbconfig,5,24,22,2,0,91.7
2026-07-23T13:34:56Z,be71c65,readline,25,0,0,0,0,0.0
2026-07-23T13:34:56Z,be71c65,resolv,4,6,6,0,0,100.0
2026-07-23T13:34:56Z,be71c65,ripper,2,0,0,0,2,0.0
2026-07-23T13:34:56Z,be71c65,rubygems,2,1,1,0,0,100.0
2026-07-23T13:34:56Z,be71c65,securerandom,5,42,28,0,14,66.7
2026-07-23T13:34:56Z,be71c65,shellwords,1,7,7,0,0,100.0
2026-07-23T13:34:56Z,be71c65,singleton,7,14,14,0,0,100.0
2026-07-23T13:34:56Z,be71c65,socket,188,1129,448,123,558,39.7
2026-07-23T13:34:56Z,be71c65,stringio,64,667,448,131,88,67.2
2026-07-23T13:34:56Z,be71c65,stringscanner,44,138,87,18,33,63.0
2026-07-23T13:34:56Z,be71c65,syslog,20,0,0,0,20,0.0
2026-07-23T13:34:56Z,be71c65,tempfile,10,45,39,2,4,86.7
2026-07-23T13:34:56Z,be71c65,thread,2,2,2,0,0,100.0
2026-07-23T13:34:56Z,be71c65,time,6,7,6,0,1,85.7
2026-07-23T13:34:56Z,be71c65,timeout,2,7,6,0,1,85.7
2026-07-23T13:34:56Z,be71c65,tmpdir,2,10,10,0,0,100.0
2026-07-23T13:34:56Z,be71c65,uri,105,97,97,0,0,100.0
2026-07-23T13:34:56Z,be71c65,weakref,5,9,6,1,2,66.7
2026-07-23T13:34:56Z,be71c65,win32ole,74,0,0,0,0,0.0
2026-07-23T13:34:56Z,be71c65,yaml,9,60,2,24,34,3.3
2026-07-23T13:34:56Z,be71c65,zlib,42,107,0,7,140,0.0
2026-07-25T09:49:25Z,5e9b168,English,2,26,25,1,0,96.2
2026-07-25T09:49:25Z,5e9b168,abbrev,1,4,4,0,0,100.0
2026-07-25T09:49:25Z,5e9b168,base64,6,26,20,6,0,76.9
2026-07-25T09:49:25Z,5e9b168,bigdecimal,57,363,249,75,39,68.6
2026-07-25T09:49:25Z,5e9b168,cgi,88,43,24,5,14,55.8
2026-07-25T09:49:25Z,5e9b168,coverage,5,0,0,0,5,0.0
2026-07-25T09:49:25Z,5e9b168,csv,42,33,33,0,0,100.0
2026-07-25T09:49:25Z,5e9b168,date,111,297,69,64,164,23.2
2026-07-25T09:49:25Z,5e9b168,datetime,36,177,33,104,40,18.6
2026-07-25T09:49:25Z,5e9b168,delegate,24,74,69,4,1,93.2
2026-07-25T09:49:25Z,5e9b168,digest,68,124,106,9,9,85.5
2026-07-25T09:49:25Z,5e9b168,drb,1,2,2,0,0,100.0
2026-07-25T09:49:25Z,5e9b168,erb,13,53,39,2,12,73.6
2026-07-25T09:49:25Z,5e9b168,etc,19,39,3,7,29,7.7
2026-07-25T09:49:25Z,5e9b168,expect,1,6,6,0,0,100.0
2026-07-25T09:49:25Z,5e9b168,fiddle,1,1,1,0,0,100.0
2026-07-25T09:49:25Z,5e9b168,find,2,3,2,0,1,66.7
2026-07-25T09:49:25Z,5e9b168,getoptlong,10,27,27,0,0,100.0
2026-07-25T09:49:25Z,5e9b168,io-wait,3,28,28,0,0,100.0
2026-07-25T09:49:25Z,5e9b168,ipaddr,6,29,29,0,0,100.0
2026-07-25T09:49:25Z,5e9b168,irb,1,1,0,0,1,0.0
2026-07-25T09:49:25Z,5e9b168,logger,14,55,51,3,1,92.7
2026-07-25T09:49:25Z,5e9b168,matrix,97,349,347,2,0,99.4
2026-07-25T09:49:25Z,5e9b168,mkmf,1,1,0,1,0,0.0
2026-07-25T09:49:25Z,5e9b168,monitor,6,12,9,2,1,75.0
2026-07-25T09:49:25Z,5e9b168,net-ftp,56,461,253,0,208,54.9
2026-07-25T09:49:25Z,5e9b168,net-http,131,377,373,2,2,98.9
2026-07-25T09:49:25Z,5e9b168,objectspace,7,1,0,1,6,0.0
2026-07-25T09:49:25Z,5e9b168,observer,5,8,8,0,0,100.0
2026-07-25T09:49:25Z,5e9b168,open3,11,4,4,0,0,100.0
2026-07-25T09:49:25Z,5e9b168,openssl,19,171,0,72,104,0.0
2026-07-25T09:49:25Z,5e9b168,openstruct,13,13,0,1,27,0.0
2026-07-25T09:49:25Z,5e9b168,optionparser,2,4,0,0,4,0.0
2026-07-25T09:49:25Z,5e9b168,pathname,20,71,71,0,0,100.0
2026-07-25T09:49:25Z,5e9b168,pp,1,3,1,2,0,33.3
2026-07-25T09:49:25Z,5e9b168,prime,11,68,63,0,5,92.6
2026-07-25T09:49:25Z,5e9b168,random,1,8,1,1,6,12.5
2026-07-25T09:49:25Z,5e9b168,rbconfig,5,24,22,2,0,91.7
2026-07-25T09:49:25Z,5e9b168,readline,25,0,0,0,0,0.0
2026-07-25T09:49:25Z,5e9b168,resolv,4,6,6,0,0,100.0
2026-07-25T09:49:25Z,5e9b168,ripper,2,0,0,0,2,0.0
2026-07-25T09:49:25Z,5e9b168,rubygems,2,1,1,0,0,100.0
2026-07-25T09:49:25Z,5e9b168,securerandom,5,42,28,0,14,66.7
2026-07-25T09:49:25Z,5e9b168,shellwords,1,7,7,0,0,100.0
2026-07-25T09:49:25Z,5e9b168,singleton,7,14,14,0,0,100.0
2026-07-25T09:49:25Z,5e9b168,socket,188,1129,448,123,558,39.7
2026-07-25T09:49:25Z,5e9b168,stringio,64,667,448,131,88,67.2
2026-07-25T09:49:25Z,5e9b168,stringscanner,44,138,87,18,33,63.0
2026-07-25T09:49:25Z,5e9b168,syslog,20,0,0,0,20,0.0
2026-07-25T09:49:25Z,5e9b168,tempfile,10,45,39,2,4,86.7
2026-07-25T09:49:25Z,5e9b168,thread,2,2,2,0,0,100.0
2026-07-25T09:49:25Z,5e9b168,time,6,7,6,0,1,85.7
2026-07-25T09:49:25Z,5e9b168,timeout,2,7,6,0,1,85.7
2026-07-25T09:49:25Z,5e9b168,tmpdir,2,10,10,0,0,100.0
2026-07-25T09:49:25Z,5e9b168,uri,105,97,97,0,0,100.0
2026-07-25T09:49:25Z,5e9b168,weakref,5,9,6,1,2,66.7
2026-07-25T09:49:25Z,5e9b168,win32ole,74,0,0,0,0,0.0
2026-07-25T09:49:25Z,5e9b168,yaml,9,60,2,24,34,3.3
2026-07-25T09:49:25Z,5e9b168,zlib,42,92,0,7,140,0.0
2026-07-25T12:58:34Z,c60acb8,English,2,26,25,1,0,96.2
2026-07-25T12:58:34Z,c60acb8,abbrev,1,4,4,0,0,100.0
2026-07-25T12:58:34Z,c60acb8,base64,6,26,20,6,0,76.9
2026-07-25T12:58:34Z,c60acb8,bigdecimal,57,363,249,75,39,68.6
2026-07-25T12:58:34Z,c60acb8,cgi,88,43,24,5,14,55.8
2026-07-25T12:58:34Z,c60acb8,coverage,5,0,0,0,5,0.0
2026-07-25T12:58:34Z,c60acb8,csv,42,33,33,0,0,100.0
2026-07-25T12:58:34Z,c60acb8,date,111,297,69,64,164,23.2
2026-07-25T12:58:34Z,c60acb8,datetime,36,177,33,104,40,18.6
2026-07-25T12:58:34Z,c60acb8,delegate,24,74,69,4,1,93.2
2026-07-25T12:58:34Z,c60acb8,digest,68,124,106,9,9,85.5
2026-07-25T12:58:34Z,c60acb8,drb,1,2,2,0,0,100.0
2026-07-25T12:58:34Z,c60acb8,erb,13,53,39,2,12,73.6
2026-07-25T12:58:34Z,c60acb8,etc,19,39,3,7,29,7.7
2026-07-25T12:58:34Z,c60acb8,expect,1,6,6,0,0,100.0
2026-07-25T12:58:34Z,c60acb8,fiddle,1,1,1,0,0,100.0
2026-07-25T12:58:34Z,c60acb8,find,2,3,2,0,1,66.7
2026-07-25T12:58:34Z,c60acb8,getoptlong,10,27,27,0,0,100.0
2026-07-25T12:58:34Z,c60acb8,io-wait,3,28,28,0,0,100.0
2026-07-25T12:58:34Z,c60acb8,ipaddr,6,29,29,0,0,100.0
2026-07-25T12:58:34Z,c60acb8,irb,1,1,0,0,1,0.0
2026-07-25T12:58:34Z,c60acb8,logger,14,55,51,3,1,92.7
2026-07-25T12:58:34Z,c60acb8,matrix,97,349,347,2,0,99.4
2026-07-25T12:58:34Z,c60acb8,mkmf,1,1,0,1,0,0.0
2026-07-25T12:58:34Z,c60acb8,monitor,6,12,9,2,1,75.0
2026-07-25T12:58:34Z,c60acb8,net-ftp,56,461,253,0,208,54.9
2026-07-25T12:58:34Z,c60acb8,net-http,131,377,373,2,2,98.9
2026-07-25T12:58:34Z,c60acb8,objectspace,7,1,0,1,6,0.0
2026-07-25T12:58:34Z,c60acb8,observer,5,8,8,0,0,100.0
2026-07-25T12:58:34Z,c60acb8,open3,11,4,4,0,0,100.0
2026-07-25T12:58:34Z,c60acb8,openssl,19,171,0,72,104,0.0
2026-07-25T12:58:34Z,c60acb8,openstruct,13,13,0,1,27,0.0
2026-07-25T12:58:34Z,c60acb8,optionparser,2,4,0,0,4,0.0
2026-07-25T12:58:34Z,c60acb8,pathname,20,71,71,0,0,100.0
2026-07-25T12:58:34Z,c60acb8,pp,1,3,1,2,0,33.3
2026-07-25T12:58:34Z,c60acb8,prime,11,68,63,0,5,92.6
2026-07-25T12:58:34Z,c60acb8,random,1,8,1,1,6,12.5
2026-07-25T12:58:34Z,c60acb8,rbconfig,5,24,22,2,0,91.7
2026-07-25T12:58:34Z,c60acb8,readline,25,0,0,0,0,0.0
2026-07-25T12:58:34Z,c60acb8,resolv,4,6,6,0,0,100.0
2026-07-25T12:58:34Z,c60acb8,ripper,2,0,0,0,2,0.0
2026-07-25T12:58:34Z,c60acb8,rubygems,2,1,1,0,0,100.0
2026-07-25T12:58:34Z,c60acb8,securerandom,5,42,28,0,14,66.7
2026-07-25T12:58:34Z,c60acb8,shellwords,1,7,7,0,0,100.0
2026-07-25T12:58:34Z,c60acb8,singleton,7,14,14,0,0,100.0
2026-07-25T12:58:34Z,c60acb8,socket,188,1129,448,123,558,39.7
2026-07-25T12:58:34Z,c60acb8,stringio,64,667,448,131,88,67.2
2026-07-25T12:58:34Z,c60acb8,stringscanner,44,138,87,18,33,63.0
2026-07-25T12:58:34Z,c60acb8,syslog,20,0,0,0,20,0.0
2026-07-25T12:58:34Z,c60acb8,tempfile,10,45,39,2,4,86.7
2026-07-25T12:58:34Z,c60acb8,thread,2,2,2,0,0,100.0
2026-07-25T12:58:34Z,c60acb8,time,6,7,6,0,1,85.7
2026-07-25T12:58:34Z,c60acb8,timeout,2,7,6,0,1,85.7
2026-07-25T12:58:34Z,c60acb8,tmpdir,2,10,10,0,0,100.0
2026-07-25T12:58:34Z,c60acb8,uri,105,97,97,0,0,100.0
2026-07-25T12:58:34Z,c60acb8,weakref,5,9,6,1,2,66.7
2026-07-25T12:58:34Z,c60acb8,win32ole,74,0,0,0,0,0.0
2026-07-25T12:58:34Z,c60acb8,yaml,9,60,2,24,34,3.3
2026-07-25T12:58:34Z,c60acb8,zlib,42,92,0,7,140,0.0
2026-07-25T15:02:37Z,3b03036,English,2,26,25,1,0,96.2
2026-07-25T15:02:37Z,3b03036,abbrev,1,4,4,0,0,100.0
2026-07-25T15:02:37Z,3b03036,base64,6,26,20,6,0,76.9
2026-07-25T15:02:37Z,3b03036,bigdecimal,57,363,249,75,39,68.6
2026-07-25T15:02:37Z,3b03036,cgi,88,43,24,5,14,55.8
2026-07-25T15:02:37Z,3b03036,coverage,5,0,0,0,5,0.0
2026-07-25T15:02:37Z,3b03036,csv,42,33,33,0,0,100.0
2026-07-25T15:02:37Z,3b03036,date,111,297,69,64,164,23.2
2026-07-25T15:02:37Z,3b03036,datetime,36,177,33,104,40,18.6
2026-07-25T15:02:37Z,3b03036,delegate,24,74,69,4,1,93.2
2026-07-25T15:02:37Z,3b03036,digest,68,124,106,9,9,85.5
2026-07-25T15:02:37Z,3b03036,drb,1,2,2,0,0,100.0
2026-07-25T15:02:37Z,3b03036,erb,13,53,39,2,12,73.6
2026-07-25T15:02:37Z,3b03036,etc,19,39,3,7,29,7.7
2026-07-25T15:02:37Z,3b03036,expect,1,6,6,0,0,100.0
2026-07-25T15:02:37Z,3b03036,fiddle,1,1,1,0,0,100.0
2026-07-25T15:02:37Z,3b03036,find,2,3,2,0,1,66.7
2026-07-25T15:02:37Z,3b03036,getoptlong,10,27,27,0,0,100.0
2026-07-25T15:02:37Z,3b03036,io-wait,3,28,28,0,0,100.0
2026-07-25T15:02:37Z,3b03036,ipaddr,6,29,29,0,0,100.0
2026-07-25T15:02:37Z,3b03036,irb,1,1,0,0,1,0.0
2026-07-25T15:02:37Z,3b03036,logger,14,55,51,3,1,92.7
2026-07-25T15:02:37Z,3b03036,matrix,97,349,347,2,0,99.4
2026-07-25T15:02:37Z,3b03036,mkmf,1,1,0,1,0,0.0
2026-07-25T15:02:37Z,3b03036,monitor,6,12,9,2,1,75.0
2026-07-25T15:02:37Z,3b03036,net-ftp,56,461,253,0,208,54.9
2026-07-25T15:02:37Z,3b03036,net-http,131,377,373,2,2,98.9
2026-07-25T15:02:37Z,3b03036,objectspace,7,1,0,1,6,0.0
2026-07-25T15:02:37Z,3b03036,observer,5,8,8,0,0,100.0
2026-07-25T15:02:37Z,3b03036,open3,11,4,4,0,0,100.0
2026-07-25T15:02:37Z,3b03036,openssl,19,171,0,72,104,0.0
2026-07-25T15:02:37Z,3b03036,openstruct,13,13,0,1,27,0.0
2026-07-25T15:02:37Z,3b03036,optionparser,2,4,0,0,4,0.0
2026-07-25T15:02:37Z,3b03036,pathname,20,71,71,0,0,100.0
2026-07-25T15:02:37Z,3b03036,pp,1,3,1,2,0,33.3
2026-07-25T15:02:37Z,3b03036,prime,11,68,63,0,5,92.6
2026-07-25T15:02:37Z,3b03036,random,1,8,1,1,6,12.5
2026-07-25T15:02:37Z,3b03036,rbconfig,5,24,22,2,0,91.7
2026-07-25T15:02:37Z,3b03036,readline,25,0,0,0,0,0.0
2026-07-25T15:02:37Z,3b03036,resolv,4,6,6,0,0,100.0
2026-07-25T15:02:37Z,3b03036,ripper,2,0,0,0,2,0.0
2026-07-25T15:02:37Z,3b03036,rubygems,2,1,1,0,0,100.0
2026-07-25T15:02:37Z,3b03036,securerandom,5,42,28,0,14,66.7
2026-07-25T15:02:37Z,3b03036,shellwords,1,7,7,0,0,100.0
2026-07-25T15:02:37Z,3b03036,singleton,7,14,14,0,0,100.0
2026-07-25T15:02:37Z,3b03036,socket,188,1129,448,123,558,39.7
2026-07-25T15:02:37Z,3b03036,stringio,64,667,448,131,88,67.2
2026-07-25T15:02:37Z,3b03036,stringscanner,44,138,87,18,33,63.0
2026-07-25T15:02:37Z,3b03036,syslog,20,0,0,0,20,0.0
2026-07-25T15:02:37Z,3b03036,tempfile,10,45,39,2,4,86.7
2026-07-25T15:02:37Z,3b03036,thread,2,2,2,0,0,100.0
2026-07-25T15:02:37Z,3b03036,time,6,7,6,0,1,85.7
2026-07-25T15:02:37Z,3b03036,timeout,2,7,6,0,1,85.7
2026-07-25T15:02:37Z,3b03036,tmpdir,2,10,10,0,0,100.0
2026-07-25T15:02:37Z,3b03036,uri,105,97,97,0,0,100.0
2026-07-25T15:02:37Z,3b03036,weakref,5,9,6,1,2,66.7
2026-07-25T15:02:37Z,3b03036,win32ole,74,0,0,0,0,0.0
2026-07-25T15:02:37Z,3b03036,yaml,9,60,2,24,34,3.3
2026-07-25T15:02:37Z,3b03036,zlib,42,92,0,7,140,0.0
2026-07-25T15:49:51Z,db3ffc4,English,2,26,25,1,0,96.2
2026-07-25T15:49:51Z,db3ffc4,abbrev,1,4,4,0,0,100.0
2026-07-25T15:49:51Z,db3ffc4,base64,6,26,20,6,0,76.9
2026-07-25T15:49:51Z,db3ffc4,bigdecimal,57,363,249,75,39,68.6
2026-07-25T15:49:51Z,db3ffc4,cgi,88,43,24,5,14,55.8
2026-07-25T15:49:51Z,db3ffc4,coverage,5,0,0,0,5,0.0
2026-07-25T15:49:51Z,db3ffc4,csv,42,33,33,0,0,100.0
2026-07-25T15:49:51Z,db3ffc4,date,111,297,69,64,164,23.2
2026-07-25T15:49:51Z,db3ffc4,datetime,36,177,33,104,40,18.6
2026-07-25T15:49:51Z,db3ffc4,delegate,24,74,69,4,1,93.2
2026-07-25T15:49:51Z,db3ffc4,digest,68,124,106,9,9,85.5
2026-07-25T15:49:51Z,db3ffc4,drb,1,2,2,0,0,100.0
2026-07-25T15:49:51Z,db3ffc4,erb,13,53,39,2,12,73.6
2026-07-25T15:49:51Z,db3ffc4,etc,19,39,3,7,29,7.7
2026-07-25T15:49:51Z,db3ffc4,expect,1,6,6,0,0,100.0
2026-07-25T15:49:51Z,db3ffc4,fiddle,1,1,1,0,0,100.0
2026-07-25T15:49:51Z,db3ffc4,find,2,3,2,0,1,66.7
2026-07-25T15:49:51Z,db3ffc4,getoptlong,10,27,27,0,0,100.0
2026-07-25T15:49:51Z,db3ffc4,io-wait,3,28,28,0,0,100.0
2026-07-25T15:49:51Z,db3ffc4,ipaddr,6,29,29,0,0,100.0
2026-07-25T15:49:51Z,db3ffc4,irb,1,1,0,0,1,0.0
2026-07-25T15:49:51Z,db3ffc4,logger,14,55,51,3,1,92.7
2026-07-25T15:49:51Z,db3ffc4,matrix,97,349,347,2,0,99.4
2026-07-25T15:49:51Z,db3ffc4,mkmf,1,1,0,1,0,0.0
2026-07-25T15:49:51Z,db3ffc4,monitor,6,12,9,2,1,75.0
2026-07-25T15:49:51Z,db3ffc4,net-ftp,56,461,253,0,208,54.9
2026-07-25T15:49:51Z,db3ffc4,net-http,131,377,373,2,2,98.9
2026-07-25T15:49:51Z,db3ffc4,objectspace,7,1,0,1,6,0.0
2026-07-25T15:49:51Z,db3ffc4,observer,5,8,8,0,0,100.0
2026-07-25T15:49:51Z,db3ffc4,open3,11,4,4,0,0,100.0
2026-07-25T15:49:51Z,db3ffc4,openssl,19,171,0,72,104,0.0
2026-07-25T15:49:51Z,db3ffc4,openstruct,13,13,0,1,27,0.0
2026-07-25T15:49:51Z,db3ffc4,optionparser,2,4,0,0,4,0.0
2026-07-25T15:49:51Z,db3ffc4,pathname,20,71,71,0,0,100.0
2026-07-25T15:49:51Z,db3ffc4,pp,1,3,1,2,0,33.3
2026-07-25T15:49:51Z,db3ffc4,prime,11,68,63,0,5,92.6
2026-07-25T15:49:51Z,db3ffc4,random,1,8,1,1,6,12.5
2026-07-25T15:49:51Z,db3ffc4,rbconfig,5,24,22,2,0,91.7
2026-07-25T15:49:51Z,db3ffc4,readline,25,0,0,0,0,0.0
2026-07-25T15:49:51Z,db3ffc4,resolv,4,6,6,0,0,100.0
2026-07-25T15:49:51Z,db3ffc4,ripper,2,0,0,0,2,0.0
2026-07-25T15:49:51Z,db3ffc4,rubygems,2,1,1,0,0,100.0
2026-07-25T15:49:51Z,db3ffc4,securerandom,5,42,28,0,14,66.7
2026-07-25T15:49:51Z,db3ffc4,shellwords,1,7,7,0,0,100.0
2026-07-25T15:49:51Z,db3ffc4,singleton,7,14,14,0,0,100.0
2026-07-25T15:49:51Z,db3ffc4,socket,188,1129,448,123,558,39.7
2026-07-25T15:49:51Z,db3ffc4,stringio,64,667,448,131,88,67.2
2026-07-25T15:49:51Z,db3ffc4,stringscanner,44,138,87,18,33,63.0
2026-07-25T15:49:51Z,db3ffc4,syslog,20,0,0,0,20,0.0
2026-07-25T15:49:51Z,db3ffc4,tempfile,10,45,39,2,4,86.7
2026-07-25T15:49:51Z,db3ffc4,thread,2,2,2,0,0,100.0
2026-07-25T15:49:51Z,db3ffc4,time,6,7,6,0,1,85.7
2026-07-25T15:49:51Z,db3ffc4,timeout,2,7,6,0,1,85.7
2026-07-25T15:49:51Z,db3ffc4,tmpdir,2,10,10,0,0,100.0
2026-07-25T15:49:51Z,db3ffc4,uri,105,97,97,0,0,100.0
2026-07-25T15:49:51Z,db3ffc4,weakref,5,9,6,1,2,66.7
2026-07-25T15:49:51Z,db3ffc4,win32ole,74,0,0,0,0,0.0
2026-07-25T15:49:51Z,db3ffc4,yaml,9,60,2,24,34,3.3
2026-07-25T15:49:51Z,db3ffc4,zlib,42,92,0,7,140,0.0
2026-07-26T02:54:36Z,7551624,English,2,26,25,1,0,96.2
2026-07-26T02:54:36Z,7551624,abbrev,1,4,4,0,0,100.0
2026-07-26T02:54:36Z,7551624,base64,6,26,20,6,0,76.9
2026-07-26T02:54:36Z,7551624,bigdecimal,57,363,249,75,39,68.6
2026-07-26T02:54:36Z,7551624,cgi,88,43,24,5,14,55.8
2026-07-26T02:54:36Z,7551624,coverage,5,0,0,0,5,0.0
2026-07-26T02:54:36Z,7551624,csv,42,33,33,0,0,100.0
2026-07-26T02:54:36Z,7551624,date,111,297,69,64,164,23.2
2026-07-26T02:54:36Z,7551624,datetime,36,177,33,104,40,18.6
2026-07-26T02:54:36Z,7551624,delegate,24,74,69,4,1,93.2
2026-07-26T02:54:36Z,7551624,digest,68,124,106,9,9,85.5
2026-07-26T02:54:36Z,7551624,drb,1,2,2,0,0,100.0
2026-07-26T02:54:36Z,7551624,erb,13,53,39,2,12,73.6
2026-07-26T02:54:36Z,7551624,etc,19,39,3,7,29,7.7
2026-07-26T02:54:36Z,7551624,expect,1,6,6,0,0,100.0
2026-07-26T02:54:36Z,7551624,fiddle,1,1,1,0,0,100.0
2026-07-26T02:54:36Z,7551624,find,2,3,2,0,1,66.7
2026-07-26T02:54:36Z,7551624,getoptlong,10,27,27,0,0,100.0
2026-07-26T02:54:36Z,7551624,io-wait,3,28,28,0,0,100.0
2026-07-26T02:54:36Z,7551624,ipaddr,6,29,29,0,0,100.0
2026-07-26T02:54:36Z,7551624,irb,1,1,0,0,1,0.0
2026-07-26T02:54:36Z,7551624,logger,14,55,51,3,1,92.7
2026-07-26T02:54:36Z,7551624,matrix,97,349,347,2,0,99.4
2026-07-26T02:54:36Z,7551624,mkmf,1,1,0,1,0,0.0
2026-07-26T02:54:36Z,7551624,monitor,6,12,9,2,1,75.0
2026-07-26T02:54:36Z,7551624,net-ftp,56,461,253,0,208,54.9
2026-07-26T02:54:36Z,7551624,net-http,131,377,373,2,2,98.9
2026-07-26T02:54:36Z,7551624,objectspace,7,1,0,1,6,0.0
2026-07-26T02:54:36Z,7551624,observer,5,8,8,0,0,100.0
2026-07-26T02:54:36Z,7551624,open3,11,4,4,0,0,100.0
2026-07-26T02:54:36Z,7551624,openssl,19,171,0,72,104,0.0
2026-07-26T02:54:36Z,7551624,openstruct,13,13,0,1,27,0.0
2026-07-26T02:54:36Z,7551624,optionparser,2,4,0,0,4,0.0
2026-07-26T02:54:36Z,7551624,pathname,20,71,71,0,0,100.0
2026-07-26T02:54:36Z,7551624,pp,1,3,1,2,0,33.3
2026-07-26T02:54:36Z,7551624,prime,11,68,63,0,5,92.6
2026-07-26T02:54:36Z,7551624,random,1,8,1,1,6,12.5
2026-07-26T02:54:36Z,7551624,rbconfig,5,24,22,2,0,91.7
2026-07-26T02:54:36Z,7551624,readline,25,0,0,0,0,0.0
2026-07-26T02:54:36Z,7551624,resolv,4,6,6,0,0,100.0
2026-07-26T02:54:36Z,7551624,ripper,2,0,0,0,2,0.0
2026-07-26T02:54:36Z,7551624,rubygems,2,1,1,0,0,100.0
2026-07-26T02:54:36Z,7551624,securerandom,5,42,28,0,14,66.7
2026-07-26T02:54:36Z,7551624,shellwords,1,7,7,0,0,100.0
2026-07-26T02:54:36Z,7551624,singleton,7,14,14,0,0,100.0
2026-07-26T02:54:36Z,7551624,socket,188,1129,448,123,558,39.7
2026-07-26T02:54:36Z,7551624,stringio,64,667,448,131,88,67.2
2026-07-26T02:54:36Z,7551624,stringscanner,44,138,87,18,33,63.0
2026-07-26T02:54:36Z,7551624,syslog,20,0,0,0,20,0.0
2026-07-26T02:54:36Z,7551624,tempfile,10,45,39,2,4,86.7
2026-07-26T02:54:36Z,7551624,thread,2,2,2,0,0,100.0
2026-07-26T02:54:36Z,7551624,time,6,7,6,0,1,85.7
2026-07-26T02:54:36Z,7551624,timeout,2,7,6,0,1,85.7
2026-07-26T02:54:36Z,7551624,tmpdir,2,10,10,0,0,100.0
2026-07-26T02:54:36Z,7551624,uri,105,97,97,0,0,100.0
2026-07-26T02:54:36Z,7551624,weakref,5,9,6,1,2,66.7
2026-07-26T02:54:36Z,7551624,win32ole,74,0,0,0,0,0.0
2026-07-26T02:54:36Z,7551624,yaml,9,60,2,24,34,3.3
2026-07-26T02:54:36Z,7551624,zlib,42,92,0,7,140,0.0
2026-07-26T04:40:40Z,0bfb103,English,2,26,25,1,0,96.2
2026-07-26T04:40:40Z,0bfb103,abbrev,1,4,4,0,0,100.0
2026-07-26T04:40:40Z,0bfb103,base64,6,26,20,6,0,76.9
2026-07-26T04:40:40Z,0bfb103,bigdecimal,57,363,249,75,39,68.6
2026-07-26T04:40:40Z,0bfb103,cgi,88,43,24,5,14,55.8
2026-07-26T04:40:40Z,0bfb103,coverage,5,0,0,0,5,0.0
2026-07-26T04:40:40Z,0bfb103,csv,42,33,33,0,0,100.0
2026-07-26T04:40:40Z,0bfb103,date,111,297,69,64,164,23.2
2026-07-26T04:40:40Z,0bfb103,datetime,36,177,33,104,40,18.6
2026-07-26T04:40:40Z,0bfb103,delegate,24,74,69,4,1,93.2
2026-07-26T04:40:40Z,0bfb103,digest,68,124,106,9,9,85.5
2026-07-26T04:40:40Z,0bfb103,drb,1,2,2,0,0,100.0
2026-07-26T04:40:40Z,0bfb103,erb,13,53,39,2,12,73.6
2026-07-26T04:40:40Z,0bfb103,etc,19,39,3,7,29,7.7
2026-07-26T04:40:40Z,0bfb103,expect,1,6,6,0,0,100.0
2026-07-26T04:40:40Z,0bfb103,fiddle,1,1,1,0,0,100.0
2026-07-26T04:40:40Z,0bfb103,find,2,3,2,0,1,66.7
2026-07-26T04:40:40Z,0bfb103,getoptlong,10,27,27,0,0,100.0
2026-07-26T04:40:40Z,0bfb103,io-wait,3,28,28,0,0,100.0
2026-07-26T04:40:40Z,0bfb103,ipaddr,6,29,29,0,0,100.0
2026-07-26T04:40:40Z,0bfb103,irb,1,1,0,0,1,0.0
2026-07-26T04:40:40Z,0bfb103,logger,14,55,51,3,1,92.7
2026-07-26T04:40:40Z,0bfb103,matrix,97,349,347,2,0,99.4
2026-07-26T04:40:40Z,0bfb103,mkmf,1,1,0,1,0,0.0
2026-07-26T04:40:40Z,0bfb103,monitor,6,12,9,2,1,75.0
2026-07-26T04:40:40Z,0bfb103,net-ftp,56,461,253,0,208,54.9
2026-07-26T04:40:40Z,0bfb103,net-http,131,377,373,2,2,98.9
2026-07-26T04:40:40Z,0bfb103,objectspace,7,1,0,1,6,0.0
2026-07-26T04:40:40Z,0bfb103,observer,5,8,8,0,0,100.0
2026-07-26T04:40:40Z,0bfb103,open3,11,4,4,0,0,100.0
2026-07-26T04:40:40Z,0bfb103,openssl,19,171,0,72,104,0.0
2026-07-26T04:40:40Z,0bfb103,openstruct,13,13,0,1,27,0.0
2026-07-26T04:40:40Z,0bfb103,optionparser,2,4,0,0,4,0.0
2026-07-26T04:40:40Z,0bfb103,pathname,20,71,71,0,0,100.0
2026-07-26T04:40:40Z,0bfb103,pp,1,3,1,2,0,33.3
2026-07-26T04:40:40Z,0bfb103,prime,11,68,63,0,5,92.6
2026-07-26T04:40:40Z,0bfb103,random,1,8,1,1,6,12.5
2026-07-26T04:40:40Z,0bfb103,rbconfig,5,24,22,2,0,91.7
2026-07-26T04:40:40Z,0bfb103,readline,25,0,0,0,0,0.0
2026-07-26T04:40:40Z,0bfb103,resolv,4,6,6,0,0,100.0
2026-07-26T04:40:40Z,0bfb103,ripper,2,0,0,0,2,0.0
2026-07-26T04:40:40Z,0bfb103,rubygems,2,1,1,0,0,100.0
2026-07-26T04:40:40Z,0bfb103,securerandom,5,42,28,0,14,66.7
2026-07-26T04:40:40Z,0bfb103,shellwords,1,7,7,0,0,100.0
2026-07-26T04:40:40Z,0bfb103,singleton,7,14,14,0,0,100.0
2026-07-26T04:40:40Z,0bfb103,socket,188,1129,448,123,558,39.7
2026-07-26T04:40:40Z,0bfb103,stringio,64,667,448,131,88,67.2
2026-07-26T04:40:40Z,0bfb103,stringscanner,44,138,87,18,33,63.0
2026-07-26T04:40:40Z,0bfb103,syslog,20,0,0,0,20,0.0
2026-07-26T04:40:40Z,0bfb103,tempfile,10,45,39,2,4,86.7
2026-07-26T04:40:40Z,0bfb103,thread,2,2,2,0,0,100.0
2026-07-26T04:40:40Z,0bfb103,time,6,7,6,0,1,85.7
2026-07-26T04:40:40Z,0bfb103,timeout,2,7,6,0,1,85.7
2026-07-26T04:40:40Z,0bfb103,tmpdir,2,10,10,0,0,100.0
2026-07-26T04:40:40Z,0bfb103,uri,105,97,97,0,0,100.0
2026-07-26T04:40:40Z,0bfb103,weakref,5,9,6,1,2,66.7
2026-07-26T04:40:40Z,0bfb103,win32ole,74,0,0,0,0,0.0
2026-07-26T04:40:40Z,0bfb103,yaml,9,60,2,24,34,3.3
2026-07-26T04:40:40Z,0bfb103,zlib,42,92,0,7,140,0.0
2026-07-26T05:57:40Z,5947375,English,2,26,25,1,0,96.2
2026-07-26T05:57:40Z,5947375,abbrev,1,4,4,0,0,100.0
2026-07-26T05:57:40Z,5947375,base64,6,26,20,6,0,76.9
2026-07-26T05:57:40Z,5947375,bigdecimal,57,363,249,75,39,68.6
2026-07-26T05:57:40Z,5947375,cgi,88,43,24,5,14,55.8
2026-07-26T05:57:40Z,5947375,coverage,5,0,0,0,5,0.0
2026-07-26T05:57:40Z,5947375,csv,42,33,33,0,0,100.0
2026-07-26T05:57:40Z,5947375,date,111,297,69,64,164,23.2
2026-07-26T05:57:40Z,5947375,datetime,36,177,33,104,40,18.6
2026-07-26T05:57:40Z,5947375,delegate,24,74,69,4,1,93.2
2026-07-26T05:57:40Z,5947375,digest,68,124,106,9,9,85.5
2026-07-26T05:57:40Z,5947375,drb,1,2,2,0,0,100.0
2026-07-26T05:57:40Z,5947375,erb,13,53,39,2,12,73.6
2026-07-26T05:57:40Z,5947375,etc,19,39,3,7,29,7.7
2026-07-26T05:57:40Z,5947375,expect,1,6,6,0,0,100.0
2026-07-26T05:57:40Z,5947375,fiddle,1,1,1,0,0,100.0
2026-07-26T05:57:40Z,5947375,find,2,3,2,0,1,66.7
2026-07-26T05:57:40Z,5947375,getoptlong,10,27,27,0,0,100.0
2026-07-26T05:57:40Z,5947375,io-wait,3,28,28,0,0,100.0
2026-07-26T05:57:40Z,5947375,ipaddr,6,29,29,0,0,100.0
2026-07-26T05:57:40Z,5947375,irb,1,1,0,0,1,0.0
2026-07-26T05:57:40Z,5947375,logger,14,55,51,3,1,92.7
2026-07-26T05:57:40Z,5947375,matrix,97,349,347,2,0,99.4
2026-07-26T05:57:40Z,5947375,mkmf,1,1,0,1,0,0.0
2026-07-26T05:57:40Z,5947375,monitor,6,12,9,2,1,75.0
2026-07-26T05:57:40Z,5947375,net-ftp,56,461,253,0,208,54.9
2026-07-26T05:57:40Z,5947375,net-http,131,377,373,2,2,98.9
2026-07-26T05:57:40Z,5947375,objectspace,7,1,0,1,6,0.0
2026-07-26T05:57:40Z,5947375,observer,5,8,8,0,0,100.0
2026-07-26T05:57:40Z,5947375,open3,11,4,4,0,0,100.0
2026-07-26T05:57:40Z,5947375,openssl,19,171,0,72,104,0.0
2026-07-26T05:57:40Z,5947375,openstruct,13,13,0,1,27,0.0
2026-07-26T05:57:40Z,5947375,optionparser,2,4,0,0,4,0.0
2026-07-26T05:57:40Z,5947375,pathname,20,71,71,0,0,100.0
2026-07-26T05:57:40Z,5947375,pp,1,3,1,2,0,33.3
2026-07-26T05:57:40Z,5947375,prime,11,68,63,0,5,92.6
2026-07-26T05:57:40Z,5947375,random,1,8,1,1,6,12.5
2026-07-26T05:57:40Z,5947375,rbconfig,5,24,22,2,0,91.7
2026-07-26T05:57:40Z,5947375,readline,25,0,0,0,0,0.0
2026-07-26T05:57:40Z,5947375,resolv,4,6,6,0,0,100.0
2026-07-26T05:57:40Z,5947375,ripper,2,0,0,0,2,0.0
2026-07-26T05:57:40Z,5947375,rubygems,2,1,1,0,0,100.0
2026-07-26T05:57:40Z,5947375,securerandom,5,42,28,0,14,66.7
2026-07-26T05:57:40Z,5947375,shellwords,1,7,7,0,0,100.0
2026-07-26T05:57:40Z,5947375,singleton,7,14,14,0,0,100.0
2026-07-26T05:57:40Z,5947375,socket,188,1129,448,123,558,39.7
2026-07-26T05:57:40Z,5947375,stringio,64,667,448,131,88,67.2
2026-07-26T05:57:40Z,5947375,stringscanner,44,138,87,18,33,63.0
2026-07-26T05:57:40Z,5947375,syslog,20,0,0,0,20,0.0
2026-07-26T05:57:40Z,5947375,tempfile,10,45,39,2,4,86.7
2026-07-26T05:57:40Z,5947375,thread,2,2,2,0,0,100.0
2026-07-26T05:57:40Z,5947375,time,6,7,6,0,1,85.7
2026-07-26T05:57:40Z,5947375,timeout,2,7,6,0,1,85.7
2026-07-26T05:57:40Z,5947375,tmpdir,2,10,10,0,0,100.0
2026-07-26T05:57:40Z,5947375,uri,105,97,97,0,0,100.0
2026-07-26T05:57:40Z,5947375,weakref,5,9,6,1,2,66.7
2026-07-26T05:57:40Z,5947375,win32ole,74,0,0,0,0,0.0
2026-07-26T05:57:40Z,5947375,yaml,9,60,2,24,34,3.3
2026-07-26T05:57:40Z,5947375,zlib,42,92,0,7,140,0.0
2026-07-26T10:01:41Z,9734dcb,English,2,26,25,1,0,96.2
2026-07-26T10:01:41Z,9734dcb,abbrev,1,4,4,0,0,100.0
2026-07-26T10:01:41Z,9734dcb,base64,6,26,20,6,0,76.9
2026-07-26T10:01:41Z,9734dcb,bigdecimal,57,363,249,75,39,68.6
2026-07-26T10:01:41Z,9734dcb,cgi,88,43,24,5,14,55.8
2026-07-26T10:01:41Z,9734dcb,coverage,5,0,0,0,5,0.0
2026-07-26T10:01:41Z,9734dcb,csv,42,33,33,0,0,100.0
2026-07-26T10:01:41Z,9734dcb,date,111,297,69,64,164,23.2
2026-07-26T10:01:41Z,9734dcb,datetime,36,177,33,104,40,18.6
2026-07-26T10:01:41Z,9734dcb,delegate,24,74,69,4,1,93.2
2026-07-26T10:01:41Z,9734dcb,digest,68,124,106,9,9,85.5
2026-07-26T10:01:41Z,9734dcb,drb,1,2,2,0,0,100.0
2026-07-26T10:01:41Z,9734dcb,erb,13,53,39,2,12,73.6
2026-07-26T10:01:41Z,9734dcb,etc,19,39,3,7,29,7.7
2026-07-26T10:01:41Z,9734dcb,expect,1,6,6,0,0,100.0
2026-07-26T10:01:41Z,9734dcb,fiddle,1,1,1,0,0,100.0
2026-07-26T10:01:41Z,9734dcb,find,2,3,2,0,1,66.7
2026-07-26T10:01:41Z,9734dcb,getoptlong,10,27,27,0,0,100.0
2026-07-26T10:01:41Z,9734dcb,io-wait,3,28,28,0,0,100.0
2026-07-26T10:01:41Z,9734dcb,ipaddr,6,29,29,0,0,100.0
2026-07-26T10:01:41Z,9734dcb,irb,1,1,0,0,1,0.0
2026-07-26T10:01:41Z,9734dcb,logger,14,55,51,3,1,92.7
2026-07-26T10:01:41Z,9734dcb,matrix,97,349,347,2,0,99.4
2026-07-26T10:01:41Z,9734dcb,mkmf,1,1,0,1,0,0.0
2026-07-26T10:01:41Z,9734dcb,monitor,6,12,9,2,1,75.0
2026-07-26T10:01:41Z,9734dcb,net-ftp,56,461,253,0,208,54.9
2026-07-26T10:01:41Z,9734dcb,net-http,131,377,373,2,2,98.9
2026-07-26T10:01:41Z,9734dcb,objectspace,7,1,0,1,6,0.0
2026-07-26T10:01:41Z,9734dcb,observer,5,8,8,0,0,100.0
2026-07-26T10:01:41Z,9734dcb,open3,11,4,4,0,0,100.0
2026-07-26T10:01:41Z,9734dcb,openssl,19,171,0,72,104,0.0
2026-07-26T10:01:41Z,9734dcb,openstruct,13,13,0,1,27,0.0
2026-07-26T10:01:41Z,9734dcb,optionparser,2,4,0,0,4,0.0
2026-07-26T10:01:41Z,9734dcb,pathname,20,71,71,0,0,100.0
2026-07-26T10:01:41Z,9734dcb,pp,1,3,1,2,0,33.3
2026-07-26T10:01:41Z,9734dcb,prime,11,68,63,0,5,92.6
2026-07-26T10:01:41Z,9734dcb,random,1,8,1,1,6,12.5
2026-07-26T10:01:41Z,9734dcb,rbconfig,5,24,22,2,0,91.7
2026-07-26T10:01:41Z,9734dcb,readline,25,0,0,0,0,0.0
2026-07-26T10:01:41Z,9734dcb,resolv,4,6,6,0,0,100.0
2026-07-26T10:01:41Z,9734dcb,ripper,2,0,0,0,2,0.0
2026-07-26T10:01:41Z,9734dcb,rubygems,2,1,1,0,0,100.0
2026-07-26T10:01:41Z,9734dcb,securerandom,5,42,28,0,14,66.7
2026-07-26T10:01:41Z,9734dcb,shellwords,1,7,7,0,0,100.0
2026-07-26T10:01:41Z,9734dcb,singleton,7,14,14,0,0,100.0
2026-07-26T10:01:41Z,9734dcb,socket,188,1129,448,123,558,39.7
2026-07-26T10:01:41Z,9734dcb,stringio,64,667,448,131,88,67.2
2026-07-26T10:01:41Z,9734dcb,stringscanner,44,138,87,18,33,63.0
2026-07-26T10:01:41Z,9734dcb,syslog,20,0,0,0,20,0.0
2026-07-26T10:01:41Z,9734dcb,tempfile,10,45,39,2,4,86.7
2026-07-26T10:01:41Z,9734dcb,thread,2,2,2,0,0,100.0
2026-07-26T10:01:41Z,9734dcb,time,6,7,6,0,1,85.7
2026-07-26T10:01:41Z,9734dcb,timeout,2,7,6,0,1,85.7
2026-07-26T10:01:41Z,9734dcb,tmpdir,2,10,10,0,0,100.0
2026-07-26T10:01:41Z,9734dcb,uri,105,97,97,0,0,100.0
2026-07-26T10:01:41Z,9734dcb,weakref,5,9,6,1,2,66.7
2026-07-26T10:01:41Z,9734dcb,win32ole,74,0,0,0,0,0.0
2026-07-26T10:01:41Z,9734dcb,yaml,9,60,2,24,34,3.3
2026-07-26T10:01:41Z,9734dcb,zlib,42,92,0,7,140,0.0
