timestamp,commit,examples,pass,failures,errors,pass_rate
2026-04-27T02:21:37Z,7d2dd48,22520,13400,3892,5228,59.50
2026-04-27T03:03:03Z,53198ce,22520,13400,3892,5228,59.50
2026-04-27T03:30:52Z,c7cefd7,22520,13400,3892,5228,59.50
2026-04-27T04:26:24Z,c7cefd7,22520,13400,3892,5228,59.50
2026-04-27T10:51:51Z,1f58c46,22520,13400,3892,5228,59.50
2026-04-27T11:00:29Z,a24a56d,22520,13401,3891,5228,59.51
2026-04-27T17:26:19Z,193e489,22520,13400,3892,5228,59.50
2026-04-28T06:53:27Z,d857976,22364,13522,3705,5137,60.46
2026-04-28T07:52:27Z,5ecf7b9,22364,13524,3703,5137,60.47
2026-04-28T08:05:48Z,9348144,22364,13524,3703,5137,60.47
2026-04-28T08:52:21Z,86f8f21,22364,13524,3703,5137,60.47
2026-04-28T11:37:01Z,e41e333,22373,13661,3690,5022,61.06
2026-04-28T15:05:08Z,c1f5323,22373,13663,3666,5044,61.07
2026-04-28T16:59:35Z,533d0a6,22373,13664,3666,5043,61.07
2026-04-28T17:27:39Z,6fdd242,22373,13664,3666,5043,61.07
2026-04-29T00:37:11Z,3ca85c6,22373,13695,3641,5037,61.21
2026-04-29T00:48:24Z,497b5cc,22281,14081,3749,4451,63.20
2026-04-29T05:19:50Z,e4928e5,22272,14075,3747,4450,63.20
2026-04-29T05:55:41Z,94662fb,22272,14193,3673,4406,63.73
2026-04-29T07:38:33Z,e01fe32,22272,14214,3673,4385,63.82
2026-04-29T10:00:38Z,abfa0d3,22272,14235,3656,4381,63.91
2026-04-29T13:48:17Z,cbf0151,22272,14244,3647,4381,63.95
2026-04-30T02:42:15Z,1631bb4,22272,14315,3576,4381,64.27
2026-04-30T02:43:49Z,9d4c268,22272,14348,3576,4348,64.42
